"Word","Count","Gender"
"employ",109,"Male"
"job",109,"Male"
"interview",81,"Male"
"work",81,"Male"
"affect",74,"Male"
"feel",72,"Male"
"stigma",70,"Male"
"get",68,"Male"
"want",65,"Male"
"hire",64,"Male"
"depend",61,"Male"
"bring",54,"Male"
"know",51,"Male"
"like",51,"Male"
"negat",48,"Male"
"physic",48,"Male"
"reason",45,"Male"
"might",43,"Male"
"impact",41,"Male"
"think",36,"Male"
"need",35,"Male"
"may",34,"Male"
"discuss",33,"Male"
"fear",33,"Male"
"potenti",33,"Male"
"chanc",31,"Male"
"perform",31,"Male"
"relev",30,"Male"
"person",29,"Male"
"posit",27,"Male"
"see",27,"Male"
"abil",26,"Male"
"peopl",25,"Male"
"one",24,"Male"
"can",23,"Male"
"discrimin",22,"Male"
"make",22,"Male"
"will",22,"Male"
"busi",21,"Male"
"even",20,"Male"
"risk",20,"Male"
"seem",20,"Male"
"someon",20,"Male"
"understand",20,"Male"
"afraid",19,"Male"
"candid",19,"Male"
"time",19,"Male"
"bias",18,"Male"
"probabl",18,"Male"
"problem",18,"Male"
"thing",18,"Male"
"way",18,"Male"
"comfort",17,"Male"
"compani",17,"Male"
"worri",17,"Male"
"believ",16,"Male"
"effect",16,"Male"
"still",16,"Male"
"whether",16,"Male"
"concern",15,"Male"
"decis",15,"Male"
"enough",15,"Male"
"ill",15,"Male"
"sure",15,"Male"
"unless",15,"Male"
"less",14,"Male"
"look",14,"Male"
"made",14,"Male"
"consid",13,"Male"
"depress",13,"Male"
"direct",13,"Male"
"expect",13,"Male"
"felt",13,"Male"
"just",13,"Male"
"open",13,"Male"
"take",13,"Male"
"talk",13,"Male"
"also",12,"Male"
"around",12,"Male"
"certain",12,"Male"
"much",12,"Male"
"process",12,"Male"
"trust",12,"Male"
"general",11,"Male"
"mani",11,"Male"
"none",11,"Male"
"protect",11,"Male"
"requir",11,"Male"
"awar",10,"Male"
"come",10,"Male"
"offer",10,"Male"
"outcom",10,"Male"
"privat",10,"Male"
"realli",10,"Male"
"uncomfort",10,"Male"
"accommod",9,"Male"
"answer",9,"Male"
"avoid",9,"Male"
"disclos",9,"Male"
"employe",9,"Male"
"give",9,"Male"
"good",9,"Male"
"import",9,"Male"
"keep",9,"Male"
"legal",9,"Male"
"lot",9,"Male"
"mention",9,"Male"
"never",9,"Male"
"relat",9,"Male"
"stress",9,"Male"
"support",9,"Male"
"though",9,"Male"
"view",9,"Male"
"weak",9,"Male"
"well",9,"Male"
"anxieti",8,"Male"
"applic",8,"Male"
"ask",8,"Male"
"condit",8,"Male"
"current",8,"Male"
"deal",8,"Male"
"difficult",8,"Male"
"disord",8,"Male"
"etc",8,"Male"
"front",8,"Male"
"help",8,"Male"
"honest",8,"Male"
"hurt",8,"Male"
"immedi",8,"Male"
"let",8,"Male"
"place",8,"Male"
"point",8,"Male"
"possibl",8,"Male"
"prospect",8,"Male"
"question",8,"Male"
"rather",8,"Male"
"serious",8,"Male"
"sever",8,"Male"
"someth",8,"Male"
"stigmat",8,"Male"
"best",7,"Male"
"better",7,"Male"
"day",7,"Male"
"especi",7,"Male"
"first",7,"Male"
"life",7,"Male"
"part",7,"Male"
"perceiv",7,"Male"
"seen",7,"Male"
"share",7,"Male"
"thought",7,"Male"
"tri",7,"Male"
"abl",6,"Male"
"accept",6,"Male"
"although",6,"Male"
"base",6,"Male"
"bit",6,"Male"
"clear",6,"Male"
"convers",6,"Male"
"definit",6,"Male"
"disqualifi",6,"Male"
"done",6,"Male"
"end",6,"Male"
"ever",6,"Male"
"explain",6,"Male"
"hard",6,"Male"
"howev",6,"Male"
"influenc",6,"Male"
"inform",6,"Male"
"limit",6,"Male"
"mind",6,"Male"
"opinion",6,"Male"
"otherwis",6,"Male"
"product",6,"Male"
"react",6,"Male"
"reaction",6,"Male"
"respons",6,"Male"
"say",6,"Male"
"situat",6,"Male"
"taboo",6,"Male"
"team",6,"Male"
"without",6,"Male"
"year",6,"Male"
"add",5,"Male"
"adhd",5,"Male"
"allow",5,"Male"
"almost",5,"Male"
"associ",5,"Male"
"assum",5,"Male"
"attach",5,"Male"
"case",5,"Male"
"caus",5,"Male"
"crazi",5,"Male"
"cultur",5,"Male"
"disabl",5,"Male"
"due",5,"Male"
"experi",5,"Male"
"find",5,"Male"
"got",5,"Male"
"great",5,"Male"
"hide",5,"Male"
"honesti",5,"Male"
"hour",5,"Male"
"illeg",5,"Male"
"law",5,"Male"
"lead",5,"Male"
"least",5,"Male"
"leav",5,"Male"
"littl",5,"Male"
"mean",5,"Male"
"most",5,"Male"
"natur",5,"Male"
"parti",5,"Male"
"prevent",5,"Male"
"privaci",5,"Male"
"reduc",5,"Male"
"reject",5,"Male"
"result",5,"Male"
"said",5,"Male"
"suffer",5,"Male"
"topic",5,"Male"
"toward",5,"Male"
"troubl",5,"Male"
"type",5,"Male"
"understood",5,"Male"
"workplac",5,"Male"
"wors",5,"Male"
"yes",5,"Male"
"anoth",4,"Male"
"anyth",4,"Male"
"anyway",4,"Male"
"appear",4,"Male"
"appropri",4,"Male"
"attitud",4,"Male"
"avail",4,"Male"
"bad",4,"Male"
"bear",4,"Male"
"call",4,"Male"
"career",4,"Male"
"choos",4,"Male"
"confid",4,"Male"
"consequ",4,"Male"
"determin",4,"Male"
"differ",4,"Male"
"doubt",4,"Male"
"embarrass",4,"Male"
"ensur",4,"Male"
"excus",4,"Male"
"fair",4,"Male"
"far",4,"Male"
"fit",4,"Male"
"high",4,"Male"
"hinder",4,"Male"
"jeopard",4,"Male"
"kind",4,"Male"
"knowledg",4,"Male"
"later",4,"Male"
"lose",4,"Male"
"manag",4,"Male"
"new",4,"Male"
"nobodi",4,"Male"
"obvious",4,"Male"
"often",4,"Male"
"option",4,"Male"
"percept",4,"Male"
"polici",4,"Male"
"prejudic",4,"Male"
"previous",4,"Male"
"reluct",4,"Male"
"respect",4,"Male"
"schedul",4,"Male"
"select",4,"Male"
"set",4,"Male"
"sinc",4,"Male"
"social",4,"Male"
"stanc",4,"Male"
"state",4,"Male"
"tech",4,"Male"
"transpar",4,"Male"
"treat",4,"Male"
"turn",4,"Male"
"upon",4,"Male"
"use",4,"Male"
"usual",4,"Male"
"valu",4,"Male"
"‚Äî",3,"Male"
"actual",3,"Male"
"address",3,"Male"
"adult",3,"Male"
"alreadi",3,"Male"
"amount",3,"Male"
"anyon",3,"Male"
"appli",3,"Male"
"area",3,"Male"
"away",3,"Male"
"balanc",3,"Male"
"becom",3,"Male"
"benefit",3,"Male"
"big",3,"Male"
"brought",3,"Male"
"capabl",3,"Male"
"capac",3,"Male"
"chang",3,"Male"
"chronic",3,"Male"
"circumst",3,"Male"
"close",3,"Male"
"compel",3,"Male"
"conscious",3,"Male"
"disclosur",3,"Male"
"earli",3,"Male"
"entir",3,"Male"
"equal",3,"Male"
"everyon",3,"Male"
"experienc",3,"Male"
"fact",3,"Male"
"hand",3,"Male"
"harm",3,"Male"
"hear",3,"Male"
"hesit",3,"Male"
"huge",3,"Male"
"ignor",3,"Male"
"imagin",3,"Male"
"individu",3,"Male"
"industri",3,"Male"
"instabl",3,"Male"
"joke",3,"Male"
"judg",3,"Male"
"knew",3,"Male"
"lack",3,"Male"
"light",3,"Male"
"main",3,"Male"
"mark",3,"Male"
"met",3,"Male"
"method",3,"Male"
"noth",3,"Male"
"problemat",3,"Male"
"proper",3,"Male"
"put",3,"Male"
"quit",3,"Male"
"real",3,"Male"
"regard",3,"Male"
"relationship",3,"Male"
"right",3,"Male"
"role",3,"Male"
"scare",3,"Male"
"shit",3,"Male"
"signific",3,"Male"
"similar",3,"Male"
"skill",3,"Male"
"somehow",3,"Male"
"start",3,"Male"
"suicid",3,"Male"
"surround",3,"Male"
"suspect",3,"Male"
"tabl",3,"Male"
"tell",3,"Male"
"therefor",3,"Male"
"unlik",3,"Male"
"unstabl",3,"Male"
"worker",3,"Male"
"worth",3,"Male"
"accomod",2,"Male"
"account",2,"Male"
"act",2,"Male"
"acut",2,"Male"
"addict",2,"Male"
"addit",2,"Male"
"admit",2,"Male"
"alon",2,"Male"
"alway",2,"Male"
"antidiscrimin",2,"Male"
"anxious",2,"Male"
"appreci",2,"Male"
"approach",2,"Male"
"asham",2,"Male"
"atmospher",2,"Male"
"automat",2,"Male"
"back",2,"Male"
"bare",2,"Male"
"basi",2,"Male"
"basic",2,"Male"
"battl",2,"Male"
"bipolar",2,"Male"
"boss",2,"Male"
"bout",2,"Male"
"brain",2,"Male"
"broken",2,"Male"
"candidaci",2,"Male"
"carri",2,"Male"
"certainti",2,"Male"
"choic",2,"Male"
"clearanc",2,"Male"
"cognit",2,"Male"
"colleagu",2,"Male"
"compar",2,"Male"
"compromis",2,"Male"
"concess",2,"Male"
"consider",2,"Male"
"convinc",2,"Male"
"cope",2,"Male"
"cos",2,"Male"
"cost",2,"Male"
"count",2,"Male"
"cover",2,"Male"
"cowork",2,"Male"
"crap",2,"Male"
"creat",2,"Male"
"deem",2,"Male"
"degre",2,"Male"
"desir",2,"Male"
"despit",2,"Male"
"diseas",2,"Male"
"disqualif",2,"Male"
"doctor",2,"Male"
"dont",2,"Male"
"door",2,"Male"
"duti",2,"Male"
"easi",2,"Male"
"elimin",2,"Male"
"engin",2,"Male"
"environ",2,"Male"
"equip",2,"Male"
"exampl",2,"Male"
"eye",2,"Male"
"fail",2,"Male"
"fake",2,"Male"
"famili",2,"Male"
"field",2,"Male"
"fix",2,"Male"
"flag",2,"Male"
"focus",2,"Male"
"friend",2,"Male"
"fulltim",2,"Male"
"function",2,"Male"
"futur",2,"Male"
"gone",2,"Male"
"handl",2,"Male"
"head",2,"Male"
"held",2,"Male"
"hidden",2,"Male"
"hold",2,"Male"
"hospit",2,"Male"
"impair",2,"Male"
"implicit",2,"Male"
"impress",2,"Male"
"instal",2,"Male"
"instanc",2,"Male"
"insur",2,"Male"
"invis",2,"Male"
"irrelev",2,"Male"
"judgement",2,"Male"
"label",2,"Male"
"larg",2,"Male"
"last",2,"Male"
"level",2,"Male"
"liabil",2,"Male"
"line",2,"Male"
"long",2,"Male"
"market",2,"Male"
"matter",2,"Male"
"medic",2,"Male"
"mental",2,"Male"
"meth",2,"Male"
"moment",2,"Male"
"necessari",2,"Male"
"next",2,"Male"
"note",2,"Male"
"now",2,"Male"
"nuanc",2,"Male"
"oblig",2,"Male"
"offici",2,"Male"
"opportun",2,"Male"
"order",2,"Male"
"organ",2,"Male"
"other",2,"Male"
"overal",2,"Male"
"particular",2,"Male"
"parttim",2,"Male"
"pay",2,"Male"
"peer",2,"Male"
"pertin",2,"Male"
"play",2,"Male"
"plus",2,"Male"
"poor",2,"Male"
"prefer",2,"Male"
"pretti",2,"Male"
"privileg",2,"Male"
"programm",2,"Male"
"progress",2,"Male"
"prompt",2,"Male"
"proof",2,"Male"
"prove",2,"Male"
"provid",2,"Male"
"qualifi",2,"Male"
"quick",2,"Male"
"rais",2,"Male"
"realiz",2,"Male"
"recent",2,"Male"
"reflect",2,"Male"
"refus",2,"Male"
"respond",2,"Male"
"resum",2,"Male"
"revok",2,"Male"
"riski",2,"Male"
"run",2,"Male"
"secret",2,"Male"
"secur",2,"Male"
"shame",2,"Male"
"short",2,"Male"
"show",2,"Male"
"small",2,"Male"
"sometim",2,"Male"
"somewhat",2,"Male"
"speak",2,"Male"
"specif",2,"Male"
"stand",2,"Male"
"strong",2,"Male"
"stupid",2,"Male"
"surpris",2,"Male"
"system",2,"Male"
"taken",2,"Male"
"task",2,"Male"
"tend",2,"Male"
"term",2,"Male"
"thus",2,"Male"
"told",2,"Male"
"tough",2,"Male"
"treatment",2,"Male"
"trigger",2,"Male"
"ultim",2,"Male"
"unabl",2,"Male"
"uncertain",2,"Male"
"unknown",2,"Male"
"unnecessari",2,"Male"
"unsur",2,"Male"
"upsid",2,"Male"
"vulner",2,"Male"
"weaker",2,"Male"
"weigh",2,"Male"
"weird",2,"Male"
"wife",2,"Male"
"wish",2,"Male"
"yet",2,"Male"
"‚Äúdrama‚Äù",1,"Male"
"absolut",1,"Male"
"abstract",1,"Male"
"accord",1,"Male"
"accus",1,"Male"
"acknowledg",1,"Male"
"across",1,"Male"
"activ",1,"Male"
"activist",1,"Male"
"ada",1,"Male"
"adderal",1,"Male"
"adjust",1,"Male"
"admin",1,"Male"
"administ",1,"Male"
"advanc",1,"Male"
"advis",1,"Male"
"advoc",1,"Male"
"afford",1,"Male"
"afloat",1,"Male"
"agenda",1,"Male"
"agreement",1,"Male"
"ahead",1,"Male"
"aloof",1,"Male"
"alter",1,"Male"
"analog",1,"Male"
"anybodi",1,"Male"
"anywher",1,"Male"
"appar",1,"Male"
"appoint",1,"Male"
"apt",1,"Male"
"arrog",1,"Male"
"asinin",1,"Male"
"aspect",1,"Male"
"assumpt",1,"Male"
"attempt",1,"Male"
"attent",1,"Male"
"attribut",1,"Male"
"autist",1,"Male"
"awesom",1,"Male"
"baggag",1,"Male"
"bail",1,"Male"
"behaviour",1,"Male"
"behind",1,"Male"
"belong",1,"Male"
"benefici",1,"Male"
"beyond",1,"Male"
"binniz",1,"Male"
"black",1,"Male"
"blank",1,"Male"
"block",1,"Male"
"bodi",1,"Male"
"bottomlin",1,"Male"
"break",1,"Male"
"bridg",1,"Male"
"build",1,"Male"
"burden",1,"Male"
"burn",1,"Male"
"came",1,"Male"
"canidaci",1,"Male"
"card",1,"Male"
"care",1,"Male"
"carpet",1,"Male"
"chalk",1,"Male"
"chasm",1,"Male"
"check",1,"Male"
"chemistri",1,"Male"
"choosi",1,"Male"
"chosen",1,"Male"
"circumstanti",1,"Male"
"classifi",1,"Male"
"client",1,"Male"
"clinic",1,"Male"
"closedmind",1,"Male"
"code",1,"Male"
"coffin",1,"Male"
"color",1,"Male"
"commit",1,"Male"
"common",1,"Male"
"communic",1,"Male"
"competit",1,"Male"
"compil",1,"Male"
"complet",1,"Male"
"concept",1,"Male"
"confin",1,"Male"
"conflict",1,"Male"
"conserv",1,"Male"
"context",1,"Male"
"contribut",1,"Male"
"control",1,"Male"
"correct",1,"Male"
"cottl",1,"Male"
"could",1,"Male"
"counsellor",1,"Male"
"countri",1,"Male"
"coupl",1,"Male"
"cours",1,"Male"
"coverag",1,"Male"
"crack",1,"Male"
"crappi",1,"Male"
"cross",1,"Male"
"crunch",1,"Male"
"cult",1,"Male"
"danger",1,"Male"
"date",1,"Male"
"dead",1,"Male"
"decid",1,"Male"
"decisionmak",1,"Male"
"degrad",1,"Male"
"demand",1,"Male"
"deni",1,"Male"
"denial",1,"Male"
"denomin",1,"Male"
"describ",1,"Male"
"deserv",1,"Male"
"desper",1,"Male"
"detail",1,"Male"
"deter",1,"Male"
"deterior",1,"Male"
"detriment",1,"Male"
"develop",1,"Male"
"diagnosi",1,"Male"
"disbeliev",1,"Male"
"dismiss",1,"Male"
"disregard",1,"Male"
"dissip",1,"Male"
"disson",1,"Male"
"dissuad",1,"Male"
"divulg",1,"Male"
"dock",1,"Male"
"document",1,"Male"
"don",1,"Male"
"dosag",1,"Male"
"drug",1,"Male"
"duh",1,"Male"
"dynam",1,"Male"
"ear",1,"Male"
"earth",1,"Male"
"easier",1,"Male"
"easili",1,"Male"
"educ",1,"Male"
"efficaci",1,"Male"
"effort",1,"Male"
"either",1,"Male"
"els",1,"Male"
"embarass",1,"Male"
"embrac",1,"Male"
"empath",1,"Male"
"empathet",1,"Male"
"enigma",1,"Male"
"enjoy",1,"Male"
"enquiri",1,"Male"
"entrust",1,"Male"
"episod",1,"Male"
"equival",1,"Male"
"essenti",1,"Male"
"ethic",1,"Male"
"eventu",1,"Male"
"everi",1,"Male"
"everyth",1,"Male"
"exact",1,"Male"
"execut",1,"Male"
"exercis",1,"Male"
"expand",1,"Male"
"expens",1,"Male"
"explicit",1,"Male"
"expos",1,"Male"
"express",1,"Male"
"extend",1,"Male"
"extent",1,"Male"
"extract",1,"Male"
"extrem",1,"Male"
"fals",1,"Male"
"familiar",1,"Male"
"favor",1,"Male"
"favour",1,"Male"
"file",1,"Male"
"filter",1,"Male"
"fine",1,"Male"
"footbal",1,"Male"
"forehead",1,"Male"
"forese",1,"Male"
"forestal",1,"Male"
"forthcom",1,"Male"
"fortun",1,"Male"
"forward",1,"Male"
"frame",1,"Male"
"freedom",1,"Male"
"frequent",1,"Male"
"frown",1,"Male"
"full",1,"Male"
"fulli",1,"Male"
"fun",1,"Male"
"furthermor",1,"Male"
"gate",1,"Male"
"gaug",1,"Male"
"gay",1,"Male"
"generalis",1,"Male"
"german",1,"Male"
"gift",1,"Male"
"gig",1,"Male"
"given",1,"Male"
"gloss",1,"Male"
"gonna",1,"Male"
"googl",1,"Male"
"grappl",1,"Male"
"greater",1,"Male"
"groundbreak",1,"Male"
"group",1,"Male"
"grow",1,"Male"
"guess",1,"Male"
"happi",1,"Male"
"harder",1,"Male"
"healthcar",1,"Male"
"healthi",1,"Male"
"heath",1,"Male"
"higher",1,"Male"
"highlight",1,"Male"
"hindranc",1,"Male"
"hine",1,"Male"
"hirabl",1,"Male"
"home",1,"Male"
"hope",1,"Male"
"horribl",1,"Male"
"hostil",1,"Male"
"hurdl",1,"Male"
"iddu",1,"Male"
"idea",1,"Male"
"idk",1,"Male"
"ime",1,"Male"
"imho",1,"Male"
"imo",1,"Male"
"imped",1,"Male"
"impedi",1,"Male"
"implic",1,"Male"
"imposs",1,"Male"
"improv",1,"Male"
"incap",1,"Male"
"includ",1,"Male"
"increas",1,"Male"
"incred",1,"Male"
"incur",1,"Male"
"indefinit",1,"Male"
"india",1,"Male"
"indic",1,"Male"
"indirect",1,"Male"
"infomr",1,"Male"
"inher",1,"Male"
"inhibit",1,"Male"
"injur",1,"Male"
"instead",1,"Male"
"intang",1,"Male"
"intellig",1,"Male"
"interest",1,"Male"
"interfer",1,"Male"
"interpret",1,"Male"
"interviewe",1,"Male"
"intimid",1,"Male"
"intoler",1,"Male"
"introduc",1,"Male"
"involv",1,"Male"
"issu",1,"Male"
"jan",1,"Male"
"jeapodis",1,"Male"
"jeapordis",1,"Male"
"jjjjjj",1,"Male"
"jump",1,"Male"
"justifi",1,"Male"
"kill",1,"Male"
"known",1,"Male"
"land",1,"Male"
"leg",1,"Male"
"lesser",1,"Male"
"letter",1,"Male"
"lighten",1,"Male"
"likelihood",1,"Male"
"live",1,"Male"
"llvm",1,"Male"
"loath",1,"Male"
"longer",1,"Male"
"love",1,"Male"
"low",1,"Male"
"luckili",1,"Male"
"mad",1,"Male"
"madden",1,"Male"
"major",1,"Male"
"maldunct",1,"Male"
"man",1,"Male"
"manic",1,"Male"
"manifest",1,"Male"
"massiv",1,"Male"
"mayb",1,"Male"
"meet",1,"Male"
"mentor",1,"Male"
"merit",1,"Male"
"mess",1,"Male"
"metal",1,"Male"
"minimum",1,"Male"
"minor",1,"Male"
"mistak",1,"Male"
"misunderstand",1,"Male"
"mitig",1,"Male"
"mysteri",1,"Male"
"nail",1,"Male"
"naiv",1,"Male"
"name",1,"Male"
"nasti",1,"Male"
"negetivli",1,"Male"
"negoti",1,"Male"
"nervous",1,"Male"
"neurotyp",1,"Male"
"niet",1,"Male"
"non",1,"Male"
"nonexist",1,"Male"
"nonhir",1,"Male"
"nonthreaten",1,"Male"
"norm",1,"Male"
"normal",1,"Male"
"notic",1,"Male"
"nowaday",1,"Male"
"nut",1,"Male"
"nutrit",1,"Male"
"observ",1,"Male"
"obsess",1,"Male"
"obstruct",1,"Male"
"occasion",1,"Male"
"ocd",1,"Male"
"offhand",1,"Male"
"offic",1,"Male"
"openplan",1,"Male"
"opiat",1,"Male"
"optimum",1,"Male"
"osmi",1,"Male"
"outset",1,"Male"
"outsid",1,"Male"
"overcom",1,"Male"
"overshadow",1,"Male"
"oversleep",1,"Male"
"overt",1,"Male"
"panic",1,"Male"
"pass",1,"Male"
"past",1,"Male"
"pennsylvania",1,"Male"
"perfect",1,"Male"
"period",1,"Male"
"perspect",1,"Male"
"pertain",1,"Male"
"phd",1,"Male"
"physicalunless",1,"Male"
"pleas",1,"Male"
"poorer",1,"Male"
"ppl",1,"Male"
"preced",1,"Male"
"preinterview",1,"Male"
"prescript",1,"Male"
"present",1,"Male"
"presum",1,"Male"
"pretenc",1,"Male"
"pretext",1,"Male"
"primari",1,"Male"
"proactiv",1,"Male"
"probationari",1,"Male"
"prolong",1,"Male"
"promin",1,"Male"
"promis",1,"Male"
"promot",1,"Male"
"psoriasi",1,"Male"
"psycholog",1,"Male"
"ptsdrelat",1,"Male"
"purpos",1,"Male"
"push",1,"Male"
"qualif",1,"Male"
"quiet",1,"Male"
"racial",1,"Male"
"ramif",1,"Male"
"ramp",1,"Male"
"readi",1,"Male"
"realist",1,"Male"
"receiv",1,"Male"
"recept",1,"Male"
"recours",1,"Male"
"red",1,"Male"
"refer",1,"Male"
"reform",1,"Male"
"regular",1,"Male"
"reli",1,"Male"
"reliabl",1,"Male"
"reliant",1,"Male"
"render",1,"Male"
"repres",1,"Male"
"reput",1,"Male"
"reserv",1,"Male"
"responsibitliy",1,"Male"
"retali",1,"Male"
"review",1,"Male"
"roadblock",1,"Male"
"rough",1,"Male"
"safe",1,"Male"
"scenario",1,"Male"
"seek",1,"Male"
"sell",1,"Male"
"send",1,"Male"
"sens",1,"Male"
"sensit",1,"Male"
"serv",1,"Male"
"servic",1,"Male"
"sgi",1,"Male"
"shape",1,"Male"
"sheet",1,"Male"
"shroom",1,"Male"
"sick",1,"Male"
"side",1,"Male"
"silent",1,"Male"
"simpl",1,"Male"
"simpli",1,"Male"
"sit",1,"Male"
"skeptic",1,"Male"
"sleep",1,"Male"
"slipperi",1,"Male"
"slope",1,"Male"
"slower",1,"Male"
"smart",1,"Male"
"smile",1,"Male"
"smp",1,"Male"
"softwar",1,"Male"
"solicit",1,"Male"
"somebodi",1,"Male"
"someone‚Äô",1,"Male"
"son",1,"Male"
"sotuat",1,"Male"
"space",1,"Male"
"spill",1,"Male"
"ssdi",1,"Male"
"stabe",1,"Male"
"stage",1,"Male"
"standpoint",1,"Male"
"startup",1,"Male"
"status",1,"Male"
"steer",1,"Male"
"step",1,"Male"
"stereotyp",1,"Male"
"stigmatis",1,"Male"
"stop",1,"Male"
"stranger",1,"Male"
"strength",1,"Male"
"strict",1,"Male"
"stronger",1,"Male"
"struggl",1,"Male"
"subject",1,"Male"
"sudden",1,"Male"
"suffici",1,"Male"
"suppos",1,"Male"
"suss",1,"Male"
"sweep",1,"Male"
"sympathi",1,"Male"
"sys",1,"Male"
"tattoo",1,"Male"
"techi",1,"Male"
"technic",1,"Male"
"termin",1,"Male"
"terribl",1,"Male"
"test",1,"Male"
"thank",1,"Male"
"theoret",1,"Male"
"therapist",1,"Male"
"third",1,"Male"
"thorough",1,"Male"
"thread",1,"Male"
"thsn",1,"Male"
"ticket",1,"Male"
"tip",1,"Male"
"toler",1,"Male"
"tone",1,"Male"
"tool",1,"Male"
"total",1,"Male"
"town",1,"Male"
"train",1,"Male"
"trap",1,"Male"
"travel",1,"Male"
"trend",1,"Male"
"true",1,"Male"
"trump",1,"Male"
"twice",1,"Male"
"two",1,"Male"
"typic",1,"Male"
"uncertainti",1,"Male"
"unclear",1,"Male"
"unconsci",1,"Male"
"undermin",1,"Male"
"underqualifi",1,"Male"
"undesir",1,"Male"
"unfortun",1,"Male"
"unintent",1,"Male"
"unjustifi",1,"Male"
"unproduct",1,"Male"
"unprompt",1,"Male"
"unreli",1,"Male"
"unstat",1,"Male"
"unsupport",1,"Male"
"vagu",1,"Male"
"version",1,"Male"
"versus",1,"Male"
"veteran",1,"Male"
"vibe",1,"Male"
"violat",1,"Male"
"visibl",1,"Male"
"vouch",1,"Male"
"wait",1,"Male"
"warrant",1,"Male"
"weaken",1,"Male"
"web",1,"Male"
"week",1,"Male"
"wellmanag",1,"Male"
"wellvers",1,"Male"
"wether",1,"Male"
"wherea",1,"Male"
"whine",1,"Male"
"whole",1,"Male"
"whose",1,"Male"
"wide",1,"Male"
"widespread",1,"Male"
"willing",1,"Male"
"window",1,"Male"
"wit",1,"Male"
"within",1,"Male"
"woefulli",1,"Male"
"workflow",1,"Male"
"workrel",1,"Male"
"world",1,"Male"
"woud",1,"Male"
"write",1,"Male"
"wrong",1,"Male"
"xxx",1,"Male"
"yield",1,"Male"
"zero",1,"Male"
"job",71,"female"
"interview",41,"female"
"want",41,"female"
"employ",39,"female"
"get",38,"female"
"stigma",38,"female"
"affect",33,"female"
"bring",33,"female"
"hire",33,"female"
"feel",29,"female"
"like",28,"female"
"work",28,"female"
"negat",27,"female"
"think",27,"female"
"physic",24,"female"
"depend",20,"female"
"need",20,"female"
"know",19,"female"
"reason",18,"female"
"make",17,"female"
"might",17,"female"
"chanc",16,"female"
"peopl",16,"female"
"abil",15,"female"
"can",15,"female"
"ill",15,"female"
"person",15,"female"
"discrimin",14,"female"
"perform",13,"female"
"potenti",13,"female"
"understand",12,"female"
"view",12,"female"
"also",11,"female"
"even",11,"female"
"fear",11,"female"
"less",11,"female"
"never",11,"female"
"worri",11,"female"
"depress",10,"female"
"relev",10,"female"
"way",10,"female"
"well",10,"female"
"bias",9,"female"
"busi",9,"female"
"discuss",9,"female"
"effect",9,"female"
"may",9,"female"
"someth",9,"female"
"thing",9,"female"
"though",9,"female"
"will",9,"female"
"definit",8,"female"
"felt",8,"female"
"impact",8,"female"
"seem",8,"female"
"talk",8,"female"
"trust",8,"female"
"whether",8,"female"
"accommod",7,"female"
"afraid",7,"female"
"decis",7,"female"
"disclos",7,"female"
"look",7,"female"
"one",7,"female"
"someon",7,"female"
"still",7,"female"
"time",7,"female"
"unless",7,"female"
"weak",7,"female"
"alreadi",6,"female"
"anxieti",6,"female"
"bad",6,"female"
"better",6,"female"
"comfort",6,"female"
"day",6,"female"
"give",6,"female"
"good",6,"female"
"inform",6,"female"
"lot",6,"female"
"open",6,"female"
"place",6,"female"
"probabl",6,"female"
"strong",6,"female"
"take",6,"female"
"answer",5,"female"
"anyth",5,"female"
"around",5,"female"
"consid",5,"female"
"current",5,"female"
"deal",5,"female"
"enough",5,"female"
"just",5,"female"
"mention",5,"female"
"offer",5,"female"
"problem",5,"female"
"process",5,"female"
"rather",5,"female"
"see",5,"female"
"seen",5,"female"
"serious",5,"female"
"sure",5,"female"
"absolut",4,"female"
"anyon",4,"female"
"bipolar",4,"female"
"disabl",4,"female"
"due",4,"female"
"function",4,"female"
"high",4,"female"
"influenc",4,"female"
"irrelev",4,"female"
"knew",4,"female"
"liabil",4,"female"
"medic",4,"female"
"much",4,"female"
"necessari",4,"female"
"new",4,"female"
"otherwis",4,"female"
"posit",4,"female"
"requir",4,"female"
"risk",4,"female"
"say",4,"female"
"share",4,"female"
"tell",4,"female"
"tri",4,"female"
"use",4,"female"
"abl",3,"female"
"accept",3,"female"
"activ",3,"female"
"anoth",3,"female"
"ask",3,"female"
"burden",3,"female"
"candid",3,"female"
"capabl",3,"female"
"case",3,"female"
"concern",3,"female"
"count",3,"female"
"crazi",3,"female"
"cultur",3,"female"
"diagnos",3,"female"
"disord",3,"female"
"employe",3,"female"
"expect",3,"female"
"found",3,"female"
"hurt",3,"female"
"idea",3,"female"
"info",3,"female"
"learn",3,"female"
"lucki",3,"female"
"manag",3,"female"
"mean",3,"female"
"now",3,"female"
"often",3,"female"
"opportun",3,"female"
"perceiv",3,"female"
"percept",3,"female"
"point",3,"female"
"prefer",3,"female"
"privat",3,"female"
"product",3,"female"
"protect",3,"female"
"reflect",3,"female"
"role",3,"female"
"sever",3,"female"
"skill",3,"female"
"state",3,"female"
"unstabl",3,"female"
"without",3,"female"
"year",3,"female"
"allow",2,"female"
"applic",2,"female"
"avoid",2,"female"
"becom",2,"female"
"believ",2,"female"
"benefit",2,"female"
"best",2,"female"
"burnout",2,"female"
"caus",2,"female"
"certain",2,"female"
"choos",2,"female"
"chronic",2,"female"
"clinic",2,"female"
"color",2,"female"
"compani",2,"female"
"compet",2,"female"
"condit",2,"female"
"cost",2,"female"
"coverag",2,"female"
"desir",2,"female"
"determin",2,"female"
"discount",2,"female"
"dismiss",2,"female"
"done",2,"female"
"doubt",2,"female"
"earli",2,"female"
"easi",2,"female"
"either",2,"female"
"end",2,"female"
"especi",2,"female"
"establish",2,"female"
"etc",2,"female"
"experi",2,"female"
"famili",2,"female"
"fit",2,"female"
"flexibl",2,"female"
"focus",2,"female"
"general",2,"female"
"got",2,"female"
"hard",2,"female"
"harder",2,"female"
"help",2,"female"
"hidden",2,"female"
"honest",2,"female"
"illeg",2,"female"
"import",2,"female"
"incap",2,"female"
"includ",2,"female"
"industri",2,"female"
"instead",2,"female"
"judg",2,"female"
"law",2,"female"
"lead",2,"female"
"leav",2,"female"
"let",2,"female"
"life",2,"female"
"limit",2,"female"
"live",2,"female"
"long",2,"female"
"major",2,"female"
"mayb",2,"female"
"mind",2,"female"
"minor",2,"female"
"most",2,"female"
"must",2,"female"
"none",2,"female"
"obvious",2,"female"
"order",2,"female"
"parti",2,"female"
"polici",2,"female"
"possibl",2,"female"
"profession",2,"female"
"public",2,"female"
"put",2,"female"
"qualifi",2,"female"
"react",2,"female"
"reaction",2,"female"
"regardless",2,"female"
"relat",2,"female"
"respons",2,"female"
"result",2,"female"
"right",2,"female"
"scare",2,"female"
"schedul",2,"female"
"sick",2,"female"
"similar",2,"female"
"situat",2,"female"
"soon",2,"female"
"sort",2,"female"
"stigmat",2,"female"
"straight",2,"female"
"subject",2,"female"
"supervisor",2,"female"
"taboo",2,"female"
"task",2,"female"
"tech",2,"female"
"test",2,"female"
"told",2,"female"
"treat",2,"female"
"understood",2,"female"
"unlik",2,"female"
"visibl",2,"female"
"vulner",2,"female"
"woman",2,"female"
"yes",2,"female"
"‚Äî",1,"female"
"absenc",1,"female"
"absent",1,"female"
"abstract",1,"female"
"accomod",1,"female"
"add",1,"female"
"addict",1,"female"
"addit",1,"female"
"address",1,"female"
"admit",1,"female"
"advantag",1,"female"
"advoc",1,"female"
"agre",1,"female"
"ahead",1,"female"
"ailment",1,"female"
"align",1,"female"
"alon",1,"female"
"alter",1,"female"
"although",1,"female"
"alway",1,"female"
"amount",1,"female"
"amplifi",1,"female"
"anyway",1,"female"
"appli",1,"female"
"approach",1,"female"
"appropri",1,"female"
"asset",1,"female"
"associ",1,"female"
"assum",1,"female"
"asthma‚Äî",1,"female"
"attach",1,"female"
"attent",1,"female"
"attract",1,"female"
"avenu",1,"female"
"awar",1,"female"
"awesom",1,"female"
"awkward",1,"female"
"‚working‚",1,"female"
"background",1,"female"
"balanc",1,"female"
"base",1,"female"
"basic",1,"female"
"bat",1,"female"
"bear",1,"female"
"beforehand",1,"female"
"behind",1,"female"
"belief",1,"female"
"bet",1,"female"
"beyond",1,"female"
"big",1,"female"
"bin",1,"female"
"blocker",1,"female"
"brought",1,"female"
"brush",1,"female"
"call",1,"female"
"car",1,"female"
"card",1,"female"
"care",1,"female"
"carri",1,"female"
"cast",1,"female"
"categor",1,"female"
"categori",1,"female"
"childcar",1,"female"
"chose",1,"female"
"class",1,"female"
"communic",1,"female"
"communiti",1,"female"
"competit",1,"female"
"complain",1,"female"
"complet",1,"female"
"connot",1,"female"
"consent",1,"female"
"consequ",1,"female"
"consider",1,"female"
"context",1,"female"
"control",1,"female"
"cope",1,"female"
"counterpart",1,"female"
"cover",1,"female"
"cowork",1,"female"
"crunch",1,"female"
"dayday",1,"female"
"deadlin",1,"female"
"deaf",1,"female"
"decid",1,"female"
"decisionmak",1,"female"
"declin",1,"female"
"decreas",1,"female"
"deem",1,"female"
"desper",1,"female"
"despit",1,"female"
"detriment",1,"female"
"diabet",1,"female"
"diagnosi",1,"female"
"differ",1,"female"
"difficulti",1,"female"
"direct",1,"female"
"disqualifi",1,"female"
"dont",1,"female"
"drive",1,"female"
"driver",1,"female"
"drunk",1,"female"
"dyslex",1,"female"
"easier",1,"female"
"educ",1,"female"
"elimin",1,"female"
"els",1,"female"
"embrac",1,"female"
"emot",1,"female"
"empathet",1,"female"
"ensur",1,"female"
"episod",1,"female"
"equal",1,"female"
"equat",1,"female"
"ever",1,"female"
"everi",1,"female"
"everybodi",1,"female"
"except",1,"female"
"explain",1,"female"
"fair",1,"female"
"fall",1,"female"
"far",1,"female"
"fella",1,"female"
"field",1,"female"
"find",1,"female"
"firm",1,"female"
"flex",1,"female"
"foot",1,"female"
"forc",1,"female"
"forward",1,"female"
"foster",1,"female"
"freelanc",1,"female"
"friend",1,"female"
"front",1,"female"
"frustrat",1,"female"
"full",1,"female"
"futur",1,"female"
"generat",1,"female"
"given",1,"female"
"glimps",1,"female"
"goal",1,"female"
"great",1,"female"
"handl",1,"female"
"happen",1,"female"
"harm",1,"female"
"healthi",1,"female"
"held",1,"female"
"hell",1,"female"
"hide",1,"female"
"hold",1,"female"
"home",1,"female"
"hour",1,"female"
"howev",1,"female"
"huge",1,"female"
"hypothet",1,"female"
"ideal",1,"female"
"imag",1,"female"
"immedi",1,"female"
"immigr",1,"female"
"impress",1,"female"
"incompet",1,"female"
"indic",1,"female"
"individu",1,"female"
"initi",1,"female"
"instant",1,"female"
"intern",1,"female"
"involv",1,"female"
"judgement",1,"female"
"keep",1,"female"
"kind",1,"female"
"kinda",1,"female"
"knowledg",1,"female"
"known",1,"female"
"lack",1,"female"
"last",1,"female"
"later",1,"female"
"likelihood",1,"female"
"logic",1,"female"
"lost",1,"female"
"lower",1,"female"
"made",1,"female"
"mainten",1,"female"
"male",1,"female"
"mani",1,"female"
"map",1,"female"
"mass",1,"female"
"matrix",1,"female"
"matter",1,"female"
"meant",1,"female"
"measur",1,"female"
"meet",1,"female"
"mental",1,"female"
"million",1,"female"
"minutia",1,"female"
"mode",1,"female"
"molehil",1,"female"
"money",1,"female"
"motiv",1,"female"
"mountain",1,"female"
"move",1,"female"
"mutual",1,"female"
"news",1,"female"
"night",1,"female"
"nondiscrimin",1,"female"
"nonstart",1,"female"
"normal",1,"female"
"noth",1,"female"
"number",1,"female"
"observ",1,"female"
"occur",1,"female"
"ocd",1,"female"
"opinion",1,"female"
"opt",1,"female"
"option",1,"female"
"organ",1,"female"
"outcom",1,"female"
"pall",1,"female"
"paramet",1,"female"
"pass",1,"female"
"past",1,"female"
"penal",1,"female"
"pervas",1,"female"
"pick",1,"female"
"piti",1,"female"
"play",1,"female"
"plus",1,"female"
"polit",1,"female"
"poor",1,"female"
"portray",1,"female"
"preform",1,"female"
"prejudic",1,"female"
"prescrib",1,"female"
"pressur",1,"female"
"previous",1,"female"
"primarili",1,"female"
"privaci",1,"female"
"promin",1,"female"
"proper",1,"female"
"prospect",1,"female"
"prove",1,"female"
"provid",1,"female"
"qualif",1,"female"
"rais",1,"female"
"rapport",1,"female"
"raw",1,"female"
"readi",1,"female"
"realiti",1,"female"
"realli",1,"female"
"record",1,"female"
"recours",1,"female"
"recov",1,"female"
"recoveri",1,"female"
"recruit",1,"female"
"refer",1,"female"
"regular",1,"female"
"relationship",1,"female"
"reli",1,"female"
"reliabl",1,"female"
"reluct",1,"female"
"repercuss",1,"female"
"respect",1,"female"
"respond",1,"female"
"reveal",1,"female"
"riski",1,"female"
"run",1,"female"
"safe",1,"female"
"said",1,"female"
"schizophrenia",1,"female"
"screen",1,"female"
"secret",1,"female"
"sector",1,"female"
"select",1,"female"
"selfemploy",1,"female"
"semiperson",1,"female"
"servic",1,"female"
"shoot",1,"female"
"shooter",1,"female"
"short",1,"female"
"show",1,"female"
"showcas",1,"female"
"side",1,"female"
"sign",1,"female"
"signific",1,"female"
"simpli",1,"female"
"slack",1,"female"
"social",1,"female"
"societi",1,"female"
"sometim",1,"female"
"speak",1,"female"
"special",1,"female"
"specif",1,"female"
"spectrum",1,"female"
"spot",1,"female"
"stabl",1,"female"
"stack",1,"female"
"stage",1,"female"
"start",1,"female"
"status",1,"female"
"stigmatis",1,"female"
"strang",1,"female"
"strenght",1,"female"
"success",1,"female"
"suffer",1,"female"
"suit",1,"female"
"suitabl",1,"female"
"support",1,"female"
"surpris",1,"female"
"surround",1,"female"
"taken",1,"female"
"thought",1,"female"
"tmi",1,"female"
"topic",1,"female"
"toss",1,"female"
"toward",1,"female"
"track",1,"female"
"treatment",1,"female"
"troubl",1,"female"
"true",1,"female"
"typic",1,"female"
"unabl",1,"female"
"unconsci",1,"female"
"unqualifi",1,"female"
"unreli",1,"female"
"unsaid",1,"female"
"upfront",1,"female"
"valu",1,"female"
"valuabl",1,"female"
"veer",1,"female"
"via",1,"female"
"virtual",1,"female"
"volunt",1,"female"
"wait",1,"female"
"wari",1,"female"
"warn",1,"female"
"wast",1,"female"
"week",1,"female"
"weight",1,"female"
"weird",1,"female"
"wide",1,"female"
"wont",1,"female"
"worker",1,"female"
"workplac",1,"female"
"worth",1,"female"
"written",1,"female"
"wrt",1,"female"
"yeah",1,"female"
"yet",1,"female"
"zone",1,"female"
"job",7,"Other"
"want",6,"Other"
"get",4,"Other"
"hire",4,"Other"
"stigma",4,"Other"
"consid",3,"Other"
"employ",3,"Other"
"interview",3,"Other"
"just",3,"Other"
"know",3,"Other"
"might",3,"Other"
"need",3,"Other"
"certain",2,"Other"
"convers",2,"Other"
"depend",2,"Other"
"even",2,"Other"
"fear",2,"Other"
"ill",2,"Other"
"intent",2,"Other"
"make",2,"Other"
"peopl",2,"Other"
"question",2,"Other"
"see",2,"Other"
"someth",2,"Other"
"tri",2,"Other"
"trigger",2,"Other"
"abil",1,"Other"
"account",1,"Other"
"advis",1,"Other"
"afraid",1,"Other"
"allud",1,"Other"
"almost",1,"Other"
"answer",1,"Other"
"anyth",1,"Other"
"armchair",1,"Other"
"ass",1,"Other"
"balanc",1,"Other"
"best",1,"Other"
"bias",1,"Other"
"boot",1,"Other"
"brain",1,"Other"
"bring",1,"Other"
"call",1,"Other"
"candid",1,"Other"
"case",1,"Other"
"chang",1,"Other"
"colleg",1,"Other"
"conflat",1,"Other"
"conscious",1,"Other"
"context",1,"Other"
"count",1,"Other"
"crazi",1,"Other"
"decis",1,"Other"
"definit",1,"Other"
"depress",1,"Other"
"detriment",1,"Other"
"difficult",1,"Other"
"done",1,"Other"
"elimin",1,"Other"
"emot",1,"Other"
"exact",1,"Other"
"extrem",1,"Other"
"feel",1,"Other"
"final",1,"Other"
"find",1,"Other"
"flaw",1,"Other"
"general",1,"Other"
"guis",1,"Other"
"happen",1,"Other"
"harder",1,"Other"
"histori",1,"Other"
"hysteria",1,"Other"
"immedi",1,"Other"
"impact",1,"Other"
"incompet",1,"Other"
"inform",1,"Other"
"jeopard",1,"Other"
"kind",1,"Other"
"last",1,"Other"
"look",1,"Other"
"margin",1,"Other"
"mayb",1,"Other"
"much",1,"Other"
"natur",1,"Other"
"necessari",1,"Other"
"negat",1,"Other"
"never",1,"Other"
"one",1,"Other"
"oppos",1,"Other"
"person",1,"Other"
"place",1,"Other"
"prejud",1,"Other"
"pretti",1,"Other"
"previous",1,"Other"
"probabl",1,"Other"
"product",1,"Other"
"psychologist",1,"Other"
"qualiti",1,"Other"
"reason",1,"Other"
"relev",1,"Other"
"requir",1,"Other"
"result",1,"Other"
"retribut",1,"Other"
"right",1,"Other"
"riski",1,"Other"
"seem",1,"Other"
"stage",1,"Other"
"stereotyp",1,"Other"
"suppos",1,"Other"
"sure",1,"Other"
"surfac",1,"Other"
"survey",1,"Other"
"suspici",1,"Other"
"talk",1,"Other"
"team",1,"Other"
"technic",1,"Other"
"tell",1,"Other"
"thing",1,"Other"
"think",1,"Other"
"told",1,"Other"
"ugli",1,"Other"
"unnecessari",1,"Other"
"usual",1,"Other"
"valid",1,"Other"
"view",1,"Other"
"weak",1,"Other"
"weigh",1,"Other"
"well",1,"Other"
"whether",1,"Other"
"worklif",1,"Other"
